sep=,
4,63.559656,27.185003
4,64.629458,24.693059
4,65.132594,25.281141
4,65.132594,25.281141
4,65.140388,25.260963
4,65.140397,25.261011
4,65.140388,25.260963
4,65.034105,25.49355
4,65.041063,25.415411
4,65.126861,25.261613
4,65.126861,25.261613
4,65.126555,25.260077
4,65.126555,25.260077
4,64.68328,24.479598
4,64.683005,24.481916
4,64.683005,24.481916
4,64.68328,24.479598
4,64.683372,24.482817
4,64.683005,24.481916
4,64.683005,24.481916
4,64.683372,24.482817
4,64.683005,24.481916
4,64.683005,24.481916
4,64.683005,24.481916
4,64.683005,24.481916
4,64.683005,24.481916
4,64.683005,24.481916
4,64.683005,24.481916
4,64.683005,24.481916
4,64.683005,24.481916
4,64.683005,24.481916
4,64.683005,24.481916
4,64.683555,24.486078
4,64.687097,24.500026
4,64.68662,24.513587
4,64.68662,24.513587
4,64.68662,24.513587
4,64.683372,24.482817
4,64.683005,24.481916
4,64.33515,23.928222
4,65.860617,24.146575
4,65.128674,25.282483
4,65.128674,25.282483
4,65.129708,25.282999
4,65.129708,25.282999
4,64.654353,24.718208
0,62.931202,22.041374
0,63.001529,21.559467
0,63.835359,23.128237
0,62.965427,23.00375
0,63.835359,23.128237
0,63.835605,23.127121
0,63.835605,23.127121
0,63.835359,23.128237
0,63.835359,23.128237
0,63.835359,23.128237
0,63.835359,23.128237
0,63.8352,23.12725
0,63.8352,23.12725
0,63.8352,23.12725
0,63.109591,21.586225
0,63.637685,22.734103
0,63.11649,23.048897
0,63.068073,23.600778
0,63.515107,22.526253
0,63.515107,22.526253
0,63.515107,22.526253
0,63.51595,22.52135
0,63.51595,22.52135
0,63.835359,23.128237
0,63.84343,23.125613
0,62.526296,21.111651
0,63.843422,23.125577
0,63.835877,23.124825
0,63.836044,23.125122
0,62.835827,24.748427
0,62.931202,22.041374
0,62.930992,22.040612
0,62.881716,24.799155
0,63.892159,23.242542
0,64.090957,23.405342
0,62.931207,22.037866
0,62.758576,23.155531
0,63.054103,22.903661
0,62.881722,24.799163
0,63.054103,22.903661
0,63.054103,22.903661
0,63.054356,22.901794
0,62.937626,22.165689
0,62.937626,22.165689
0,62.937616,22.16571
0,62.937607,22.165689
0,62.937616,22.16571
0,62.972213,22.517445
0,62.972204,22.517445
0,62.972223,22.517466
0,62.972223,22.517445
0,62.972184,22.51752
0,62.972184,22.51752
0,62.972223,22.517445
0,62.972233,22.517509
0,62.972799,22.516458
0,62.818547,22.72921
0,62.818979,22.728266
0,62.819077,22.728223
0,62.819018,22.728223
0,62.818979,22.728223
0,62.818959,22.728266
0,62.937656,22.165689
0,62.972213,22.517466
0,62.931163,22.038016
0,63.836319,23.129861
0,62.810371,23.046183
0,62.972272,22.517423
0,62.937607,22.16571
0,62.818998,22.728266
0,62.931217,22.036235
0,62.84552,23.498275
0,62.845775,23.498532
0,63.016497,22.964005
0,63.016497,22.964005
0,63.016497,22.964005
0,63.016497,22.964005
1,60.390112,25.650157
1,60.390112,25.650157
1,60.139394,24.989719
1,60.14285,24.981763
1,60.147722,24.98773
1,59.82868,22.928831
1,59.863884,23.39566
1,60.184061,25.154736
1,60.866359,26.626149
1,60.233453,25.161985
1,60.156481,24.921734
1,60.17052,24.943063
1,60.168673,24.935081
1,60.256247,24.914291
1,60.23215,24.871522
1,60.380158,25.676111
1,60.38568,25.672552
1,60.1727,24.939222
1,60.416161,24.304139
1,59.567375,21.972655
1,60.172659,24.937562
1,60.172812,24.924148
1,60.173014,24.925253
1,60.182869,24.912121
1,60.169348,24.935939
1,60.169754,24.93507
1,60.169364,24.935896
1,60.158888,24.931388
1,60.14578,24.985397
1,60.119222,25.018925
1,60.238975,24.959538
1,60.239016,24.959513
1,60.172555,24.933096
1,60.176116,24.924344
1,60.243727,24.752141
1,60.207972,24.947958
1,60.16321,24.946593
1,60.168073,24.950026
1,59.97673,23.418731
1,60.175686,24.805366
1,60.174916,24.802636
1,60.174891,24.802666
1,60.1749,24.802683
1,60.174991,24.80278
1,60.175105,24.802988
1,60.176444,24.80218
1,60.176541,24.802169
1,60.163475,24.91058
1,60.49557,26.74231
1,60.16978,24.952055
1,60.169783,24.952086
1,60.169783,24.952086
1,60.169736,24.952141
1,60.16978,24.951283
1,60.16978,24.951283
1,60.16978,24.951283
1,60.169088,24.951255
1,60.169083,24.951236
1,60.169083,24.951236
1,60.169083,24.951236
1,60.169461,24.951752
1,60.168255,24.826038
1,60.251111,24.84395
1,60.244186,24.752847
1,59.77883,21.372013
1,60.167463,24.95495
1,60.167463,24.95495
1,60.167463,24.95495
1,60.167463,24.95495
1,60.167463,24.95495
1,60.167463,24.95495
1,60.167463,24.95495
1,60.167463,24.95495
1,60.167463,24.95495
1,60.167463,24.95495
1,60.167463,24.95495
1,60.167463,24.95495
1,60.167463,24.95495
1,60.167463,24.95495
1,60.167463,24.95495
1,60.167463,24.95495
1,60.167463,24.95495
1,60.167463,24.95495
1,60.167463,24.95495
1,60.167463,24.95495
1,60.167463,24.95495
1,60.167463,24.95495
1,60.167463,24.95495
1,60.167463,24.95495
1,60.167463,24.95495
1,60.167463,24.95495
1,60.167463,24.95495
1,60.167463,24.95495
1,60.167463,24.95495
1,60.167463,24.95495
1,60.167463,24.95495
1,60.167463,24.95495
1,60.167463,24.95495
1,60.167463,24.95495
1,60.167463,24.95495
1,60.167463,24.95495
1,60.167463,24.95495
1,60.167463,24.95495
1,60.167463,24.95495
1,60.167463,24.95495
1,60.167463,24.95495
1,60.167463,24.95495
1,60.167463,24.95495
1,60.167463,24.95495
1,60.167463,24.95495
1,60.167463,24.95495
1,60.167463,24.95495
1,60.167463,24.95495
1,60.229266,25.10113
1,59.863884,23.39566
1,60.853465,26.614948
1,60.175243,24.921777
1,60.18803,24.962997
1,60.188324,24.963394
1,60.232613,24.8729
1,60.17112,24.961431
1,60.292767,24.572639
1,60.154311,24.936904
1,60.164988,24.970464
1,60.187857,24.884676
1,60.179596,24.921401
1,60.172552,24.925599
1,60.168316,24.931797
1,60.18779,24.961634
1,60.175437,24.932141
1,60.1727,24.939222
1,60.169291,24.952944
1,60.169402,24.958758
1,60.169705,24.951333
1,60.1687,24.953519
1,60.169533,24.958783
1,60.168538,24.953602
1,60.169291,24.952944
1,60.169291,24.952944
1,60.169433,24.958811
1,60.169752,24.9532
1,60.16975,24.952938
1,60.497092,26.759347
1,60.169383,24.93285
1,60.154156,24.990634
1,60.154156,24.990634
1,60.154156,24.990634
1,60.153638,24.989089
1,60.154684,24.990742
1,60.156809,25.082237
1,60.154999,25.08213
1,60.155384,25.082001
1,60.155309,25.082645
1,60.155656,25.082656
1,60.190668,25.017693
1,60.180442,24.947086
1,60.16771,24.912883
1,61.003255,24.471058
1,60.99582,25.493667
1,60.273983,24.937375
1,60.167686,24.953675
1,60.177635,24.922252
1,60.189091,24.939294
1,60.250119,25.047712
1,60.250119,25.047712
1,60.166194,24.98969
1,60.163333,24.981279
1,60.156542,24.933643
1,60.156542,24.933643
1,60.155859,24.920339
1,60.158379,24.895706
1,60.241302,24.520454
1,60.241302,24.520454
1,60.17025,24.896135
1,60.155432,24.899482
1,60.147016,24.952783
1,60.157781,25.004968
1,60.172555,24.933096
1,60.159833,24.921772
1,60.33109,25.601556
1,60.152031,24.930542
1,60.152031,24.930542
1,60.181774,24.929927
1,60.470397,25.086608
1,60.642033,23.321205
1,60.170266,24.937916
1,60.144645,24.657783
1,60.893023,25.455365
1,60.199055,25.178636
1,60.17037,24.940842
1,60.1525,24.630833
1,60.1525,24.630833
1,60.1525,24.630833
1,60.187942,24.906853
1,60.182021,24.914653
1,60.182021,24.914653
1,60.182021,24.914653
1,60.167646,24.953663
1,60.167863,24.96231
1,60.187042,24.953309
1,60.187788,24.962139
1,60.809149,25.011062
1,60.171169,24.931524
1,60.211666,24.954444
1,60.206666,24.954722
1,60.174438,24.932827
1,60.174428,24.932806
1,60.174417,24.932849
1,60.186029,24.91991
1,60.171226,24.930639
1,60.17113,24.93169
1,60.171194,24.93139
1,60.171087,24.931561
1,60.170767,24.931475
1,60.170692,24.931583
1,60.743016,24.767175
1,60.743016,24.767175
1,60.743016,24.767175
1,60.743016,24.767175
1,60.743016,24.767175
1,60.743016,24.767175
1,60.743016,24.767175
1,60.743016,24.767175
1,60.743016,24.767175
1,60.743016,24.767175
1,60.743016,24.767175
1,60.743016,24.767175
1,60.743016,24.767175
1,60.743016,24.767175
1,60.743016,24.767175
1,60.743016,24.767175
1,60.743016,24.767175
1,60.743016,24.767175
1,60.743016,24.767175
1,60.743016,24.767175
1,60.743016,24.767175
1,60.743016,24.767175
1,60.743016,24.767175
1,60.743016,24.767175
1,60.743016,24.767175
1,60.743016,24.767175
1,60.743016,24.767175
1,60.743016,24.767175
1,60.743016,24.767175
1,60.743016,24.767175
1,60.743016,24.767175
1,60.743016,24.767175
1,60.743016,24.767175
1,60.743016,24.767175
1,60.743016,24.767175
1,60.743016,24.767175
1,60.743016,24.767175
1,60.743016,24.767175
1,60.743016,24.767175
1,60.743016,24.767175
1,60.743016,24.767175
1,60.743016,24.767175
1,60.743016,24.767175
1,60.743016,24.767175
1,60.743016,24.767175
1,60.743016,24.767175
1,60.743016,24.767175
1,60.743016,24.767175
1,60.743016,24.767175
1,60.743016,24.767175
1,60.743016,24.767175
1,60.743016,24.767175
1,60.743016,24.767175
1,60.743016,24.767175
1,60.743016,24.767175
1,60.743016,24.767175
1,60.743016,24.767175
1,60.743016,24.767175
1,60.743016,24.767175
1,60.743016,24.767175
1,60.743016,24.767175
1,60.739155,24.762883
1,60.738838,24.765436
1,60.739083,24.767561
1,60.739441,24.766325
1,60.739122,24.766116
1,60.742025,24.769947
1,60.741969,24.770013
1,60.741936,24.770047
1,60.318477,24.968063
1,60.741947,24.768027
1,60.781022,24.71898
1,60.742111,24.769105
1,60.742111,24.769105
1,60.742111,24.769105
1,60.742133,24.769105
1,60.742111,24.769105
1,60.742194,24.769397
1,60.742205,24.769361
1,60.742175,24.769191
1,60.742175,24.769191
1,60.742175,24.769191
1,60.742111,24.769191
1,60.742133,24.769405
1,60.742133,24.769405
1,60.742008,24.76915
1,60.742008,24.76915
1,60.742008,24.76915
1,60.742091,24.769236
1,60.738544,24.759877
1,60.738544,24.759877
1,60.738544,24.759877
1,60.738544,24.759877
1,60.738544,24.759877
1,60.738544,24.759877
1,60.738544,24.759877
1,60.738544,24.759877
1,60.738544,24.759877
1,60.738566,24.759877
1,60.738627,24.759577
1,60.738627,24.759577
1,60.738627,24.759577
1,60.738627,24.759577
1,60.738627,24.759577
1,60.738627,24.759577
1,60.742277,24.767769
1,60.742319,24.767936
1,60.742344,24.767988
1,60.742547,24.768388
1,60.742508,24.76858
1,60.742888,24.76623
1,60.742888,24.76623
1,60.742888,24.76623
1,60.742888,24.76623
1,60.742888,24.76623
1,60.742888,24.76623
1,60.742888,24.76623
1,60.742888,24.76623
1,60.742175,24.769963
1,60.723605,24.695933
1,60.723161,24.697202
1,60.72325,24.696455
1,60.72263,24.696444
1,60.723475,24.697441
1,60.723263,24.696372
1,60.723275,24.696302
1,60.741016,24.768063
1,60.741005,24.768077
1,60.740958,24.768094
1,60.740972,24.768102
1,60.741038,24.767802
1,60.74098,24.768047
1,60.741,24.767647
1,60.739005,24.762583
1,60.743161,24.767261
1,60.743161,24.767261
1,60.743161,24.767261
1,60.743161,24.767261
1,60.743161,24.767261
1,60.743161,24.767261
1,60.743161,24.767261
1,60.743161,24.767261
1,60.743161,24.767261
1,60.743161,24.767261
1,60.743161,24.767261
1,60.743161,24.767261
1,60.743161,24.767261
1,60.743161,24.767261
1,60.743161,24.767261
1,60.743161,24.767261
1,60.743161,24.767261
1,60.743161,24.767261
1,60.743161,24.767261
1,60.743161,24.767261
1,60.743161,24.767261
1,60.743161,24.767261
1,60.743161,24.767261
1,60.743161,24.767261
1,60.743161,24.767261
1,60.743161,24.767261
1,60.743161,24.767261
1,60.743161,24.767261
1,60.743161,24.767261
1,60.743161,24.767261
1,60.743161,24.767261
1,60.743161,24.767261
1,60.743161,24.767261
1,60.743161,24.767261
1,60.743161,24.767261
1,60.743161,24.767261
1,60.743161,24.767261
1,60.743161,24.767261
1,60.743161,24.767261
1,60.743161,24.767261
1,60.743161,24.767261
1,60.743161,24.767261
1,60.743161,24.767261
1,60.743161,24.767261
1,60.743161,24.767261
1,60.743161,24.767261
1,60.743161,24.767261
1,60.743161,24.767261
1,60.743161,24.767261
1,60.743161,24.767261
1,60.743161,24.767261
1,60.743161,24.767261
1,60.743161,24.767261
1,60.743161,24.767261
1,60.743016,24.767175
1,60.743016,24.767175
1,60.743016,24.767175
1,60.743016,24.767175
1,60.743016,24.767175
1,60.743016,24.767175
1,60.738566,24.759877
1,60.740969,24.768069
1,60.743161,24.767261
1,60.166083,24.94045
1,60.143667,24.660111
1,60.17098,24.931239
1,60.743016,24.767175
1,60.739058,24.767283
1,60.739058,24.767283
1,61.206955,25.122491
1,61.206944,25.122658
1,61.207027,25.122905
1,61.206916,25.123158
1,61.206719,25.124172
1,61.206047,25.122975
1,61.20695,25.122486
1,61.205972,25.123488
1,61.202941,25.116805
1,61.202997,25.116847
1,61.202866,25.116686
1,61.202738,25.117261
1,61.2027,25.116713
1,61.206188,25.120652
1,61.206322,25.120075
1,61.206369,25.120163
1,61.206322,25.120075
1,61.206258,25.120194
1,61.206213,25.12043
1,61.206397,25.120491
1,61.20635,25.12028
1,61.206225,25.120538
1,61.206252,25.1204
1,61.206397,25.12028
1,61.206275,25.120288
1,61.206316,25.120141
1,61.206413,25.120427
1,61.206286,25.120619
1,61.206286,25.120619
1,61.206344,25.120672
1,61.206347,25.1206
1,61.204716,25.12113
1,61.206322,25.120205
1,61.206322,25.120205
1,61.206322,25.120205
1,61.203577,25.121097
1,61.203802,25.122133
1,61.203802,25.122133
1,61.207025,25.122883
1,61.206325,25.120647
1,61.206325,25.120647
1,61.206325,25.120647
1,61.206422,25.120461
1,61.20643,25.120288
1,61.20643,25.120288
1,61.206327,25.120638
1,60.157226,24.96231
1,61.206047,25.122975
1,61.206022,25.122933
1,61.206022,25.122933
1,61.206327,25.120241
1,61.206313,25.120177
1,61.206327,25.120241
1,61.206327,25.120241
1,61.206277,25.120636
1,61.206277,25.120636
1,61.209258,25.126119
1,61.209258,25.126119
1,61.209258,25.126119
1,61.209258,25.126119
1,61.209258,25.126119
1,61.209258,25.126119
1,61.209258,25.126119
1,61.209258,25.126119
1,61.209258,25.126119
1,61.209258,25.126119
1,61.209258,25.126119
1,61.209258,25.126119
1,61.209258,25.126119
1,61.209258,25.126119
1,61.209258,25.126119
1,61.209258,25.126119
1,61.209258,25.126119
1,61.209258,25.126119
1,61.209258,25.126119
1,61.209258,25.126119
1,61.209258,25.126119
1,61.209258,25.126119
1,61.209258,25.126119
1,61.209258,25.126119
1,61.209258,25.126119
1,61.209341,25.126666
1,61.209333,25.126213
1,61.209325,25.126263
1,61.209263,25.126119
1,61.209302,25.126258
1,61.209394,25.126016
1,61.209269,25.126119
1,61.209366,25.125994
1,61.209366,25.125994
1,61.209263,25.126119
1,61.209263,25.126119
1,61.209369,25.125758
1,61.209202,25.126355
1,61.209202,25.126355
1,61.209258,25.126155
1,61.209258,25.126155
1,61.206397,25.12028
1,61.206275,25.120288
1,61.206316,25.120141
1,61.206413,25.120427
1,61.206286,25.120619
1,61.206286,25.120619
1,61.206344,25.120672
1,61.206347,25.1206
1,61.204716,25.12113
1,61.206322,25.120205
1,61.206322,25.120205
1,61.206322,25.120205
1,61.203577,25.121097
1,61.203802,25.122133
1,61.203802,25.122133
1,61.207025,25.122883
1,61.206325,25.120647
1,61.206325,25.120647
1,61.206325,25.120647
1,61.206422,25.120461
1,61.20643,25.120288
1,61.20643,25.120288
1,61.206327,25.120638
1,61.206327,25.120241
1,61.206313,25.120177
1,61.206327,25.120241
1,61.206327,25.120241
1,61.206277,25.120636
1,61.206277,25.120636
1,61.209258,25.126119
1,61.209258,25.126119
1,61.209258,25.126119
1,61.209258,25.126119
1,61.209258,25.126119
1,61.209258,25.126119
1,61.209258,25.126119
1,61.209258,25.126119
1,61.209258,25.126119
1,61.209258,25.126119
1,61.209258,25.126119
1,61.209258,25.126119
1,61.209258,25.126119
1,61.209258,25.126119
1,61.209258,25.126119
1,61.209258,25.126119
1,61.209258,25.126119
1,61.209258,25.126119
1,61.209258,25.126119
1,61.209258,25.126119
1,61.209258,25.126119
1,61.209258,25.126119
1,61.209258,25.126119
1,61.209258,25.126119
1,61.209258,25.126119
1,61.209341,25.126666
1,61.209333,25.126213
1,61.209325,25.126263
1,61.209263,25.126119
1,61.209302,25.126258
1,61.209394,25.126016
1,61.209269,25.126119
1,61.209366,25.125994
1,61.209366,25.125994
1,61.209263,25.126119
1,61.209263,25.126119
1,61.209369,25.125758
1,61.209202,25.126355
1,61.209202,25.126355
1,61.209258,25.126155
1,61.209258,25.126155
1,61.206997,25.122486
1,60.195833,24.879722
1,61.206127,25.123233
1,61.206827,25.123097
1,61.209258,25.126119
1,61.209258,25.126119
1,61.209341,25.126666
1,61.209377,25.125705
1,61.209377,25.125705
1,61.209377,25.125705
1,61.209277,25.126113
1,61.209277,25.126113
1,61.209277,25.126113
1,61.209277,25.126113
1,61.209277,25.126113
1,61.209277,25.126113
1,61.209277,25.126113
1,61.209277,25.126113
1,61.209277,25.126113
1,61.209277,25.126113
1,61.209277,25.126113
1,61.209277,25.126113
1,61.209277,25.126113
1,61.209277,25.126113
1,61.209277,25.126113
1,61.209277,25.126113
1,61.209277,25.126113
1,61.209277,25.126113
1,61.209277,25.126113
1,61.204458,25.12203
1,61.206738,25.124213
1,61.206661,25.124075
1,61.206666,25.124127
1,61.206666,25.124127
1,61.206747,25.12423
1,61.206377,25.123591
1,61.206483,25.123822
1,61.206747,25.12423
1,61.206738,25.124211
1,61.206772,25.122716
1,61.20703,25.122547
1,61.206991,25.122566
1,61.206733,25.123586
1,61.206308,25.12028
1,61.209258,25.126119
1,61.209277,25.126113
1,61.206463,25.123758
1,61.206716,25.124188
1,61.206605,25.123925
1,61.206716,25.124108
1,61.206272,25.120566
1,61.206355,25.120302
1,61.20638,25.120677
1,61.206541,25.123947
1,61.202805,25.11678
1,61.206819,25.122772
1,61.206708,25.124127
1,61.206708,25.124127
1,61.206702,25.12415
1,61.206508,25.124116
1,61.20655,25.123941
1,61.205908,25.1235
1,61.205908,25.1235
1,61.206555,25.122888
1,61.206802,25.122825
1,61.206622,25.123919
1,61.206116,25.122952
1,61.206052,25.123469
1,61.206052,25.123469
1,61.206002,25.123569
1,61.206738,25.124197
1,61.206722,25.124186
1,61.206633,25.122858
1,61.206611,25.123775
1,61.206377,25.123597
1,61.206377,25.123597
1,61.206377,25.123597
1,61.206172,25.120605
1,61.206172,25.120625
1,61.206172,25.120625
1,61.206258,25.123416
1,61.206258,25.123416
1,61.205047,25.121016
1,61.204916,25.120911
1,61.206258,25.123338
1,61.206819,25.122675
1,61.206719,25.12418
1,61.206719,25.12418
1,61.206397,25.123697
1,61.206077,25.12308
1,61.205094,25.121147
1,61.204736,25.119783
1,61.205013,25.119305
1,61.202791,25.1167
1,61.202791,25.1167
1,61.205041,25.121016
1,61.205502,25.122133
1,61.205502,25.122133
1,61.206583,25.122872
1,61.206583,25.122872
1,61.206583,25.122872
1,61.206583,25.122872
1,61.206716,25.124188
1,61.206716,25.124188
1,61.206716,25.124188
1,61.206716,25.124188
1,61.206625,25.123986
1,61.206472,25.123852
1,61.206472,25.123852
1,61.206322,25.123416
1,61.206322,25.123416
1,61.206244,25.123188
1,61.206466,25.123725
1,61.20505,25.121016
1,61.205033,25.121194
1,61.205919,25.122563
1,61.206058,25.123463
1,61.206058,25.123463
1,61.206169,25.123088
1,61.206383,25.12298
1,61.206691,25.12383
1,61.206747,25.12418
1,61.206747,25.12418
1,61.206488,25.123916
1,61.206294,25.124083
1,61.206255,25.124097
1,61.206288,25.123163
1,61.206591,25.123044
1,61.206288,25.123163
1,61.206591,25.123044
1,61.206544,25.12325
1,61.206358,25.123563
1,61.206358,25.123563
1,61.206358,25.123563
1,61.206552,25.122975
1,61.206552,25.122975
1,61.206719,25.122847
1,61.206794,25.123055
1,61.206794,25.123055
1,61.206663,25.122808
1,61.20678,25.122733
1,61.2063,25.120683
1,61.2063,25.120683
1,61.206291,25.120708
1,61.206272,25.120722
1,61.206305,25.1201
1,61.206302,25.120261
1,61.206341,25.120036
1,61.206211,25.120502
1,61.206313,25.120233
1,61.206313,25.120233
1,61.206269,25.120727
1,61.206372,25.120558
1,61.206372,25.120558
1,61.206352,25.12063
1,61.206286,25.120322
1,61.206308,25.120172
1,61.206308,25.120172
1,61.206216,25.120586
1,61.206308,25.120136
1,61.206366,25.120272
1,61.206305,25.120252
1,61.206305,25.120252
1,61.20623,25.120577
1,61.206313,25.120094
1,61.206313,25.120094
1,61.206352,25.120361
1,61.206352,25.120361
1,61.206319,25.120072
1,61.206338,25.119269
1,61.206388,25.119197
1,61.206255,25.1191
1,61.206308,25.120119
1,61.206252,25.120336
1,61.206277,25.120322
1,61.206366,25.123325
1,61.206305,25.12068
1,61.206305,25.12068
1,61.2064,25.123761
1,61.2064,25.123761
1,61.209022,25.126772
1,61.209022,25.126691
1,61.209022,25.126691
1,61.208452,25.126
1,61.208452,25.126
1,61.208452,25.126
1,61.207613,25.1288
1,61.206311,25.122847
1,61.206311,25.122847
1,61.206488,25.122858
1,61.206197,25.120291
1,61.206944,25.122502
1,61.206944,25.122502
1,61.206958,25.122472
1,61.207544,25.12788
1,60.169738,24.941797
1,60.276338,25.0505
1,59.809544,22.885826
1,60.188784,24.940053
1,60.174694,24.908394
1,60.149913,24.956936
1,60.149813,24.956844
1,60.149488,24.957561
1,60.136387,23.672258
1,60.136387,23.672258
1,60.137092,23.672337
1,60.168751,24.940896
1,59.999544,23.413436
1,60.881619,25.05181
1,60.335094,24.936347
1,60.824833,25.00117
1,60.306317,24.959371
1,60.306317,24.959371
1,60.306317,24.959371
1,60.306317,24.959371
1,60.316886,24.964563
1,60.638941,23.318416
1,60.65863,23.603608
1,60.877858,26.452327
1,60.885325,26.327655
1,60.247797,24.752744
1,60.118022,23.437777
1,60.118777,23.438216
1,60.118888,23.438333
1,60.1179,23.435033
1,60.152627,24.630233
1,60.1525,24.630833
1,59.884105,23.198169
1,60.104705,23.399783
1,60.181861,24.938954
1,60.167044,24.921797
1,60.167044,24.921797
1,60.166966,24.920747
1,60.167233,24.920575
1,60.166969,24.921866
1,60.167133,24.922075
1,60.175111,24.946708
1,59.677864,22.458801
1,60.227127,25.160672
1,60.173004,24.925103
1,60.181135,24.925918
1,60.211915,24.999175
1,60.173004,24.925103
1,60.1525,24.630833
1,60.1525,24.630833
1,61.206386,25.123697
1,61.206386,25.123697
1,61.206527,25.12298
1,61.206527,25.12298
1,61.206527,25.12298
1,61.207286,25.128602
1,61.207147,25.128605
1,61.206333,25.1273
1,61.206333,25.1273
1,61.209358,25.125277
1,61.209416,25.125372
1,61.209452,25.125291
1,61.209008,25.126736
1,61.209008,25.126736
1,61.209022,25.126691
1,61.208536,25.126269
1,61.208761,25.125677
1,61.208761,25.125677
1,61.209194,25.124969
1,61.209277,25.124461
1,61.206713,25.124197
1,61.206713,25.124197
1,61.206963,25.124761
1,61.207613,25.1288
1,61.207613,25.1288
1,61.207613,25.1288
1,61.207613,25.1288
1,61.207613,25.1288
1,61.207588,25.128805
1,61.207588,25.128805
1,61.207588,25.128805
1,61.205755,25.122427
1,61.206283,25.120077
1,61.206283,25.120077
1,61.206344,25.120033
1,61.206313,25.120691
1,61.206347,25.119255
1,61.206383,25.119344
1,61.206911,25.1221
1,61.207066,25.121875
1,61.207066,25.121875
1,61.205838,25.122605
1,61.205838,25.122605
1,61.206725,25.124191
1,61.205827,25.122594
1,61.205977,25.122877
1,61.205977,25.122877
1,61.206061,25.12298
1,61.206141,25.123333
1,61.206694,25.12423
1,61.206716,25.124188
1,61.204886,25.121063
1,61.206591,25.123044
1,61.20635,25.120377
1,61.206313,25.120094
1,61.208761,25.125677
1,61.206911,25.1221
1,60.171384,24.935885
1,60.1873,24.961473
1,60.721216,25.968794
1,60.716494,23.792838
1,60.721163,23.803477
1,60.78115,24.075025
1,60.78115,24.075025
1,60.837319,24.133341
1,60.870925,26.54343
1,60.873133,26.519097
1,60.87368,26.512116
1,60.77468,26.085341
1,60.753316,23.952697
1,61.419516,25.291372
1,60.768863,26.087469
1,60.198443,24.937462
1,60.149644,24.633916
1,60.153511,24.627711
1,60.16883,24.959682
1,60.1525,24.630833
1,60.1525,24.630833
1,60.1525,24.630833
1,60.1525,24.630833
1,60.1525,24.630833
1,60.1525,24.630833
1,60.1525,24.630833
1,60.150136,24.283061
1,60.150136,24.283061
1,60.150138,24.283072
1,60.169211,24.937927
1,60.322944,24.518638
1,60.1525,24.630833
1,60.1525,24.630833
1,60.1525,24.630833
1,60.317222,24.970555
1,60.404519,25.106772
1,60.403802,25.106563
1,60.404763,25.106936
1,60.404694,25.106786
1,60.405697,25.107177
1,60.405588,25.107163
1,60.405536,25.107186
1,60.403794,25.106577
1,60.211707,25.077162
1,60.140558,24.987663
1,60.531544,25.165599
1,59.677864,22.458801
1,60.228606,25.108952
1,60.153161,24.917191
1,60.165275,24.943597
1,60.167933,24.956669
1,60.864596,26.696702
1,60.864596,26.696702
1,60.176692,24.919052
1,60.169722,24.935555
1,60.169722,24.935555
1,60.167222,24.949722
1,60.167222,24.949722
1,60.167222,24.949722
1,60.167222,24.949722
1,60.189166,24.967222
1,60.17239,24.94096
1,60.173847,24.933836
1,60.168393,24.959124
1,60.168243,24.959295
1,60.168291,24.959746
1,60.170351,24.951077
1,60.170357,24.951249
1,60.171237,24.943932
1,60.175155,24.930455
1,60.108328,23.093132
1,60.108328,23.093132
1,60.182702,24.98164
1,60.868151,26.703472
1,60.182487,24.883626
1,60.167777,24.955
1,60.178333,24.928333
1,60.184549,24.830272
1,60.305,25.0325
1,60.170714,24.931518
1,60.160747,24.925261
1,60.153838,24.941786
1,60.15338,24.941102
1,60.145233,24.998911
1,60.182088,24.914147
1,60.185122,24.915669
1,60.182152,24.914074
1,60.182152,24.914074
1,60.158775,24.931175
1,60.242644,24.867861
1,60.144608,24.986772
1,60.181714,24.883518
1,60.181714,24.883518
1,60.181609,24.883174
1,60.181714,24.883518
1,60.247777,24.752777
1,60.142838,24.981044
1,60.202074,24.935864
1,60.239575,24.87688
1,60.239791,24.876955
1,60.239419,24.876188
1,60.239052,24.875955
1,60.22283,25.175652
1,60.224094,25.186113
1,60.221558,25.197919
1,60.221347,25.1982
1,60.221347,25.1982
1,60.210077,25.176961
1,60.20773,25.062355
1,60.174722,25.016938
1,60.173733,25.015144
1,60.172922,25.015636
1,60.172374,25.014519
1,60.186313,25.040741
1,60.18148,24.983313
1,60.182838,24.988833
1,60.208022,25.143355
1,60.159572,25.089719
1,60.206008,25.145623
1,60.206008,25.145623
1,60.206008,25.145623
1,60.206008,25.145623
1,60.206008,25.145623
1,60.166436,24.959519
1,60.139309,24.99028
1,60.138988,24.990441
1,60.177683,23.593482
1,60.170362,24.950358
1,60.170362,24.950358
1,60.170362,24.950358
1,60.171275,24.941368
1,60.447266,26.939077
1,60.173089,24.925103
1,60.243672,24.792147
1,60.99076,25.517807
1,60.99076,25.517807
1,60.997419,24.461917
1,60.170618,24.942719
1,60.927888,25.635995
1,60.109846,23.083004
1,60.106916,23.080472
1,60.182255,24.922808
1,60.182236,24.922663
1,60.170692,24.931604
1,60.242561,24.868127
1,60.24265,24.867963
1,60.24265,24.867963
1,60.181714,24.883518
1,60.181714,24.883518
1,60.181714,24.883518
1,60.181714,24.883518
1,60.181714,24.883518
1,60.181714,24.883518
1,60.239033,24.87505
1,60.238852,24.875113
1,60.239661,24.873513
1,60.239547,24.872508
1,60.241397,24.871594
1,60.206008,25.145623
1,60.145371,24.985699
1,60.182138,24.913644
1,60.39353,25.657872
1,61.004388,24.459675
1,60.187352,25.059005
1,60.170474,24.952118
1,60.162572,24.680441
1,60.170474,24.952118
1,60.170474,24.952118
1,60.170474,24.952118
1,60.175933,24.914066
1,60.175933,24.914066
1,60.175933,24.914066
1,60.175933,24.914066
1,60.175933,24.914066
1,60.175933,24.914066
1,60.175933,24.914066
1,60.175933,24.914066
1,60.175933,24.914066
1,60.175933,24.914066
1,60.175933,24.914066
1,60.175933,24.914066
1,60.142825,24.989483
1,60.142958,24.989108
1,60.142913,24.989102
1,60.142913,24.989102
1,60.140852,24.984805
1,60.152894,25.024313
1,60.140269,24.9847
1,60.140269,24.9847
1,60.138355,24.988552
1,60.13813,24.989461
1,60.138141,24.989205
1,60.138038,24.989772
1,60.13813,24.989927
1,60.138363,24.990172
1,60.138338,24.990547
1,60.138355,24.99058
1,60.138397,24.990605
1,60.138225,24.990605
1,60.138266,24.99063
1,60.138777,24.990419
1,60.138952,24.989988
1,60.138397,24.989855
1,60.138397,24.989855
1,60.139788,24.990172
1,60.144311,24.985061
1,60.144311,24.985061
1,60.144433,24.984544
1,60.144433,24.984544
1,60.138144,24.989016
1,60.990575,25.668408
1,60.175933,24.914066
1,60.142958,24.989108
1,60.138408,24.9906
1,60.138783,24.990433
1,60.138366,24.989741
1,60.138233,24.990561
1,60.138266,24.99063
1,60.138261,24.990641
1,60.144455,24.984547
1,60.180861,24.949488
1,60.180816,24.949638
1,60.173016,24.925291
1,60.173016,24.925291
1,60.173027,24.925377
1,60.17303,24.925361
1,60.17303,24.925011
1,60.172961,24.925052
1,60.172961,24.925219
1,60.172925,24.925147
1,60.172988,24.925136
1,60.172966,24.925191
1,60.172999,24.925255
1,60.172999,24.925255
1,60.17298,24.925277
1,60.17303,24.925336
1,60.173016,24.9253
1,60.17298,24.925227
1,60.172863,24.925208
1,60.173052,24.925383
1,60.173072,24.925319
1,60.173047,24.925433
1,60.173002,24.925316
1,60.172919,24.925344
1,60.173002,24.925266
1,60.173008,24.925269
1,60.172958,24.925336
1,60.17298,24.925325
1,60.1693,24.951349
1,60.169297,24.95168
1,60.169297,24.95168
1,60.169772,24.95208
1,60.169902,24.95158
1,60.169922,24.951347
1,60.170055,24.9515
1,60.170052,24.951527
1,60.170227,24.951152
1,60.165633,24.957133
1,60.165383,24.957627
1,60.172308,24.904202
1,60.164891,24.958724
1,60.164383,24.960011
1,60.172308,24.904202
1,60.164319,24.960188
1,60.164044,24.960991
1,60.172308,24.904202
1,60.163794,24.961938
1,60.172308,24.904202
1,60.172308,24.904202
1,60.162791,24.966008
1,60.161975,24.969283
1,60.145205,24.987413
1,60.172308,24.904202
1,60.144888,24.987197
1,60.172308,24.904202
1,60.172308,24.904202
1,60.144477,24.986752
1,60.144255,24.986947
1,60.144194,24.987122
1,60.142808,24.989405
1,60.142813,24.989458
1,60.142813,24.989458
1,60.173072,24.925225
1,60.17293,24.925255
1,60.172905,24.925325
1,60.173083,24.925252
1,60.172858,24.925241
1,60.172863,24.925275
1,60.172844,24.925316
1,60.173016,24.925294
1,60.173016,24.925294
1,60.17298,24.925325
1,60.169741,24.951738
1,60.164938,24.958605
1,60.149158,24.9891
1,60.149169,24.989172
1,60.149136,24.989272
1,60.187672,24.976683
1,60.18745,24.976366
1,60.187527,24.976283
1,60.187527,24.976283
1,60.187513,24.976397
1,60.182238,24.91353
1,60.182238,24.91353
1,60.182147,24.913494
1,60.182172,24.913408
1,60.182155,24.913363
1,60.182144,24.913352
1,60.182113,24.913344
1,60.182055,24.913358
1,60.182044,24.913516
1,60.182036,24.913547
1,60.181927,24.913311
1,60.181927,24.913311
1,60.181927,24.913311
1,60.181927,24.913311
1,60.181725,24.912972
1,60.181897,24.913022
1,60.181816,24.913122
1,60.181886,24.913077
1,60.156752,24.910469
1,60.156752,24.910469
1,60.156752,24.91063
1,60.156752,24.91063
1,60.156886,24.911233
1,60.156891,24.911233
1,60.170844,24.941422
1,60.170819,24.941452
1,60.170702,24.941355
1,60.170711,24.941394
1,60.170819,24.941452
1,60.170611,24.941108
1,60.170611,24.941108
1,60.170627,24.941088
1,60.187605,24.976999
1,60.187527,24.976283
1,60.187527,24.976283
1,60.187541,24.976477
1,60.182586,24.913813
1,60.182044,24.913516
1,60.181725,24.912972
1,60.180855,24.912644
1,60.169086,24.951297
1,60.169086,24.951297
1,60.171497,24.941188
1,60.171497,24.941188
1,60.171463,24.941452
1,60.170441,24.940844
1,60.170477,24.941352
1,60.170477,24.941352
1,60.170477,24.941352
1,60.170477,24.941319
1,60.170477,24.941319
1,60.170477,24.941319
1,60.170466,24.941336
1,60.170472,24.941308
1,60.170463,24.941322
1,60.170463,24.941322
1,59.861643,23.45787
1,60.173367,24.924716
1,60.173367,24.924716
1,60.186705,24.965463
1,60.187977,24.960819
1,60.191911,24.957175
6,67.695865,24.144086
6,67.797938,24.797677
6,68.901197,27.062115
6,68.901197,27.059926
6,68.901181,27.05954
6,68.903618,27.032933
6,68.903541,27.033104
6,68.906364,27.024199
6,68.906344,27.024371
6,68.906414,27.018728
6,68.909927,27.013417
6,68.910252,27.012634
6,68.90702,27.025648
6,68.907059,27.017998
6,68.90824,27.01935
6,68.909962,27.013792
6,68.904819,27.03113
6,68.906337,27.027193
6,68.750526,26.412205
6,67.801863,24.808872
6,67.801863,24.808872
6,67.800636,24.81013
6,67.800636,24.81013
6,67.800636,24.81013
6,67.800636,24.81013
6,67.800555,24.81
6,67.799319,24.810044
6,67.796005,24.811352
6,67.796005,24.811352
6,67.796005,24.811352
6,68.905252,27.030444
6,68.75135,26.412677
6,68.750111,26.410946
6,68.34213,27.490768
6,67.5955,24.083319
7,60.406965,22.112045
7,61.443055,23.711388
7,61.440177,23.71848
7,61.47291,23.50542
7,61.440211,23.718341
7,61.440122,23.718772
7,61.501002,23.779686
7,61.498366,23.773602
7,61.498327,23.773583
7,61.498363,23.773552
7,61.498408,23.77373
7,61.498408,23.77373
7,61.498883,23.77645
7,60.559799,22.455925
7,61.914922,23.379678
7,61.914922,23.379678
7,61.914922,23.379678
7,61.890658,23.008375
7,61.654683,24.053877
7,61.654683,24.053877
7,60.421712,22.654151
7,61.890754,23.00831
7,61.890658,23.008375
7,61.496358,23.731906
7,61.61333,21.507947
7,61.594669,21.462266
7,61.595027,21.462038
7,61.594708,21.462263
7,60.439607,22.276754
7,61.481947,23.753557
7,61.445532,24.904986
7,61.50936,23.76833
7,61.131965,21.509857
7,61.131965,21.509857
7,60.336671,22.001109
7,61.481136,21.797971
7,61.477638,21.786661
7,61.47728,21.78724
7,61.485056,21.794836
7,61.49031,21.799836
7,61.486326,21.79548
7,60.448953,22.268064
7,60.452382,22.280123
7,60.452667,22.260274
7,60.452667,22.260274
7,60.452667,22.260274
7,61.486008,21.795287
7,61.594669,21.462344
7,61.477854,21.788549
7,61.478991,21.791188
7,61.485056,21.794836
7,61.486008,21.795287
7,61.49031,21.799836
7,61.49031,21.799836
7,61.49031,21.799836
7,61.49031,21.799836
7,61.49031,21.799836
7,61.49031,21.799836
7,61.49031,21.799836
7,61.486326,21.79548
7,61.486326,21.79548
7,61.486326,21.79548
7,61.486367,21.79548
7,61.486182,21.795394
7,61.485527,21.795093
7,61.485517,21.79505
7,61.477874,21.788592
7,61.445419,24.905211
7,61.485394,21.794986
7,61.499604,23.760681
7,61.400303,24.621176
7,61.400879,24.620833
7,61.654683,24.053877
7,61.654683,24.053877
7,61.434025,25.277236
7,61.447347,25.26803
7,61.536867,23.704633
7,61.499528,23.744351
7,61.499528,23.744351
7,61.499528,23.744351
7,61.499528,23.744351
7,61.499528,23.744351
7,61.499528,23.744351
7,61.499528,23.744351
7,61.499528,23.744351
7,61.499528,23.744351
7,61.499528,23.744351
7,61.499528,23.744351
7,61.499528,23.744351
7,61.499528,23.744351
7,61.499528,23.744351
7,61.499528,23.744351
7,61.499528,23.744351
7,61.499528,23.744351
7,61.499528,23.744351
7,61.499528,23.744351
7,61.499528,23.744351
7,61.499528,23.744351
7,61.499528,23.744351
7,61.499528,23.744351
7,61.499528,23.744351
7,61.499528,23.744351
7,61.499528,23.744351
7,61.499528,23.744351
7,61.499528,23.744351
7,61.499528,23.744351
7,61.499528,23.744351
7,61.499528,23.744351
7,61.499528,23.744351
7,61.499528,23.744351
7,61.499528,23.744351
7,61.499528,23.744351
7,61.499528,23.744351
7,61.499528,23.744351
7,61.499528,23.744351
7,61.499528,23.744351
7,61.499528,23.744351
7,61.499528,23.744351
7,61.499528,23.744351
7,61.499528,23.744351
7,61.499528,23.744351
7,61.499528,23.744351
7,61.499528,23.744351
7,61.499528,23.744351
7,61.499528,23.744351
7,61.499528,23.744351
7,61.499528,23.744351
7,61.499528,23.744351
7,61.499528,23.744351
7,61.499528,23.744351
7,61.499528,23.744351
7,61.499528,23.744351
7,61.499528,23.744351
7,61.499528,23.744351
7,61.499528,23.744351
7,61.499528,23.744351
7,61.499528,23.744351
7,61.499528,23.744351
7,61.499528,23.744351
7,61.499528,23.744351
7,61.499528,23.744351
7,61.499528,23.744351
7,61.499528,23.744351
7,61.499528,23.744351
7,61.499528,23.744351
7,61.499528,23.744351
7,61.499528,23.744351
7,61.499528,23.744351
7,61.499528,23.744351
7,61.499528,23.744351
7,61.499528,23.744351
7,61.499528,23.744351
7,61.499528,23.744351
7,61.499528,23.744351
7,61.499528,23.744351
7,61.499528,23.744351
7,61.499528,23.744351
7,61.499528,23.744351
7,61.499528,23.744351
7,61.499528,23.744351
7,61.499528,23.744351
7,61.499528,23.744351
7,61.499528,23.744351
7,61.499528,23.744351
7,61.499528,23.744351
7,61.499528,23.744351
7,61.499528,23.744351
7,61.499528,23.744351
7,61.499528,23.744351
7,61.499528,23.744351
7,61.499528,23.744351
7,61.499528,23.744351
7,61.499528,23.744351
7,61.499528,23.744351
7,61.499528,23.744351
7,61.499528,23.744351
7,61.499528,23.744351
7,61.499528,23.744351
7,61.499528,23.744351
7,61.499528,23.744351
7,61.499528,23.744351
7,61.499528,23.744351
7,61.499528,23.744351
7,61.499528,23.744351
7,61.499528,23.744351
7,61.499528,23.744351
7,61.499528,23.744351
7,61.499528,23.744351
7,61.499528,23.744351
7,61.499528,23.744351
7,61.499528,23.744351
7,61.499528,23.744351
7,61.499528,23.744351
7,61.499528,23.744351
7,61.499528,23.744351
7,61.499528,23.744351
7,61.499528,23.744351
7,61.499528,23.744351
7,61.499528,23.744351
7,61.499528,23.744351
7,61.499528,23.744351
7,61.499528,23.744351
7,61.499528,23.744351
7,61.499528,23.744351
7,61.499528,23.744351
7,61.499528,23.744351
7,61.499528,23.744351
7,61.499528,23.744351
7,61.499528,23.744351
7,61.499528,23.744351
7,61.499528,23.744351
7,61.499528,23.744351
7,61.499528,23.744351
7,61.499528,23.744351
7,61.499528,23.744351
7,61.499528,23.744351
7,61.504586,23.7433
7,61.504586,23.7433
7,61.504586,23.7433
7,61.504586,23.7433
7,61.504586,23.7433
7,61.504586,23.7433
7,61.504586,23.7433
7,61.504586,23.7433
7,61.504586,23.7433
7,61.504586,23.7433
7,61.504586,23.7433
7,61.504586,23.7433
7,61.504586,23.7433
7,61.504586,23.7433
7,61.504586,23.7433
7,61.504586,23.7433
7,61.504586,23.7433
7,61.504586,23.7433
7,61.504586,23.7433
7,61.504586,23.7433
7,61.504586,23.7433
7,61.504586,23.7433
7,61.504586,23.7433
7,61.504586,23.7433
7,61.504586,23.7433
7,61.504586,23.7433
7,61.504586,23.7433
7,61.504586,23.7433
7,61.504586,23.7433
7,61.504586,23.7433
7,61.504586,23.7433
7,61.504586,23.7433
7,61.504586,23.7433
7,61.504586,23.7433
7,61.504586,23.7433
7,61.504586,23.7433
7,61.504586,23.7433
7,61.504586,23.7433
7,61.504586,23.7433
7,61.504586,23.7433
7,61.504586,23.7433
7,61.504586,23.7433
7,61.504586,23.7433
7,61.504586,23.7433
7,61.504586,23.7433
7,61.504586,23.7433
7,61.504586,23.7433
7,61.504586,23.7433
7,61.504586,23.7433
7,61.504586,23.7433
7,61.504586,23.7433
7,61.504586,23.7433
7,61.504586,23.7433
7,61.504586,23.7433
7,61.504586,23.7433
7,61.504586,23.7433
7,61.504586,23.7433
7,61.504586,23.7433
7,61.504586,23.7433
7,61.504586,23.7433
7,61.504586,23.7433
7,61.504586,23.7433
7,61.504586,23.7433
7,61.504586,23.7433
7,61.504586,23.7433
7,61.504586,23.7433
7,61.504586,23.7433
7,61.504586,23.7433
7,61.504586,23.7433
7,61.504586,23.7433
7,61.504586,23.7433
7,61.504586,23.7433
7,61.504586,23.7433
7,61.504586,23.7433
7,61.504586,23.7433
7,61.504586,23.7433
7,61.504586,23.7433
7,61.504586,23.7433
7,61.504586,23.7433
7,61.504586,23.7433
7,61.504586,23.7433
7,61.504586,23.7433
7,61.499528,23.744351
7,61.504586,23.7433
7,61.504586,23.7433
7,61.504586,23.7433
7,61.504586,23.7433
7,61.504586,23.7433
7,61.504586,23.7433
7,61.504586,23.7433
7,61.504586,23.7433
7,61.504586,23.7433
7,61.504586,23.7433
7,61.504586,23.7433
7,61.504586,23.7433
7,61.504586,23.7433
7,61.504586,23.7433
7,61.504586,23.7433
7,61.504586,23.7433
7,61.504586,23.7433
7,61.504586,23.7433
7,61.504586,23.7433
7,61.504586,23.7433
7,61.504586,23.7433
7,61.504586,23.7433
7,61.504586,23.7433
7,61.504586,23.7433
7,61.504586,23.7433
7,61.504586,23.7433
7,61.504586,23.7433
7,61.504586,23.7433
7,61.504586,23.7433
7,61.504586,23.7433
7,61.504586,23.7433
7,61.504586,23.7433
7,61.504586,23.7433
7,61.504586,23.7433
7,61.504586,23.7433
7,61.504586,23.7433
7,61.504586,23.7433
7,61.504586,23.7433
7,61.504586,23.7433
7,61.504586,23.7433
7,61.504586,23.7433
7,61.504586,23.7433
7,61.504586,23.7433
7,61.504586,23.7433
7,61.504586,23.7433
7,61.504586,23.7433
7,61.504586,23.7433
7,61.504586,23.7433
7,61.504586,23.7433
7,61.504586,23.7433
7,61.504586,23.7433
7,61.504586,23.7433
7,61.504586,23.7433
7,61.504586,23.7433
7,61.504586,23.7433
7,61.504586,23.7433
7,61.504586,23.7433
7,61.504586,23.7433
7,61.504586,23.7433
7,61.504586,23.7433
7,61.504586,23.7433
7,61.504586,23.7433
7,61.504586,23.7433
7,61.504586,23.7433
7,61.504586,23.7433
7,61.504586,23.7433
7,61.504586,23.7433
7,61.504586,23.7433
7,61.504586,23.7433
7,61.504586,23.7433
7,61.504586,23.7433
7,61.504586,23.7433
7,61.504586,23.7433
7,61.504586,23.7433
7,61.504586,23.7433
7,61.504586,23.7433
7,61.504586,23.7433
7,61.504586,23.7433
7,61.504586,23.7433
7,61.504586,23.7433
7,61.504586,23.7433
7,61.504586,23.7433
7,61.504586,23.7433
7,61.504586,23.7433
7,61.504586,23.7433
7,61.504586,23.7433
7,61.504586,23.7433
7,61.504586,23.7433
7,61.504586,23.7433
7,61.504586,23.7433
7,61.504586,23.7433
7,61.504586,23.7433
7,61.504586,23.7433
7,61.504586,23.7433
7,61.504586,23.7433
7,61.504586,23.7433
7,61.504586,23.7433
7,61.504586,23.7433
7,61.504586,23.7433
7,61.504586,23.7433
7,61.504586,23.7433
7,61.504586,23.7433
7,61.504586,23.7433
7,61.504586,23.7433
7,61.504586,23.7433
7,61.504586,23.7433
7,61.504586,23.7433
7,61.504586,23.7433
7,61.504586,23.7433
7,61.504586,23.7433
7,61.504586,23.7433
7,61.504586,23.7433
7,61.504586,23.7433
7,61.504586,23.7433
7,61.504586,23.7433
7,61.504586,23.7433
7,61.504586,23.7433
7,61.504586,23.7433
7,61.504586,23.7433
7,61.504586,23.7433
7,61.504586,23.7433
7,61.504586,23.7433
7,61.504586,23.7433
7,61.504586,23.7433
7,61.504586,23.7433
7,61.504586,23.7433
7,61.504586,23.7433
7,61.504586,23.7433
7,61.504586,23.7433
7,61.504586,23.7433
7,61.504586,23.7433
7,61.504586,23.7433
7,61.504586,23.7433
7,61.504586,23.7433
7,61.504586,23.7433
7,61.504586,23.7433
7,61.504586,23.7433
7,61.504586,23.7433
7,61.504586,23.7433
7,61.504586,23.7433
7,61.504586,23.7433
7,61.504586,23.7433
7,61.504586,23.7433
7,61.504586,23.7433
7,61.504586,23.7433
7,61.504586,23.7433
7,61.504586,23.7433
7,61.504586,23.7433
7,61.504586,23.7433
7,61.504586,23.7433
7,61.504586,23.7433
7,61.504586,23.7433
7,61.504586,23.7433
7,61.504586,23.7433
7,61.504586,23.7433
7,61.504586,23.7433
7,61.504586,23.7433
7,61.504586,23.7433
7,61.504586,23.7433
7,61.504586,23.7433
7,61.504586,23.7433
7,61.504586,23.7433
7,61.504586,23.7433
7,61.504586,23.7433
7,61.504586,23.7433
7,61.504586,23.7433
7,61.504586,23.7433
7,61.504586,23.7433
7,61.504586,23.7433
7,61.504586,23.7433
7,61.504586,23.7433
7,61.534666,24.082869
7,61.534702,24.082866
7,61.534655,24.082919
7,61.534708,24.082813
7,61.534694,24.082847
7,61.504586,23.7433
7,61.504586,23.7433
7,61.504586,23.7433
7,61.504586,23.7433
7,61.504586,23.7433
7,61.504586,23.7433
7,61.504586,23.7433
7,61.504586,23.7433
7,61.504586,23.7433
7,61.504586,23.7433
7,61.504586,23.7433
7,61.504586,23.7433
7,61.504586,23.7433
7,61.504586,23.7433
7,61.504586,23.7433
7,61.504586,23.7433
7,61.504586,23.7433
7,61.504586,23.7433
7,61.504586,23.7433
7,61.504586,23.7433
7,61.504586,23.7433
7,61.504586,23.7433
7,61.504586,23.7433
7,61.504586,23.7433
7,61.504586,23.7433
7,61.504586,23.7433
7,61.504586,23.7433
7,61.504586,23.7433
7,61.504586,23.7433
7,61.504586,23.7433
7,61.504586,23.7433
7,61.504586,23.7433
7,61.504586,23.7433
7,61.504586,23.7433
7,61.504586,23.7433
7,61.504586,23.7433
7,61.504586,23.7433
7,61.504586,23.7433
7,61.504586,23.7433
7,61.504586,23.7433
7,61.504586,23.7433
7,61.504586,23.7433
7,61.504586,23.7433
7,61.504586,23.7433
7,61.504586,23.7433
7,61.504586,23.7433
7,61.504586,23.7433
7,61.504586,23.7433
7,61.504586,23.7433
7,61.504586,23.7433
7,61.504586,23.7433
7,61.504586,23.7433
7,61.504586,23.7433
7,61.504586,23.7433
7,61.504586,23.7433
7,61.504586,23.7433
7,61.504586,23.7433
7,61.504586,23.7433
7,61.504586,23.7433
7,61.504586,23.7433
7,61.504586,23.7433
7,61.504586,23.7433
7,61.504586,23.7433
7,61.504586,23.7433
7,61.504586,23.7433
7,61.504586,23.7433
7,61.504586,23.7433
7,61.504586,23.7433
7,61.504586,23.7433
7,61.504586,23.7433
7,61.504586,23.7433
7,61.504586,23.7433
7,61.504586,23.7433
7,61.504586,23.7433
7,61.504586,23.7433
7,61.504586,23.7433
7,61.504586,23.7433
7,61.504586,23.7433
7,61.504586,23.7433
7,61.504586,23.7433
7,61.504586,23.7433
7,61.504586,23.7433
7,61.504586,23.7433
7,60.42177,22.654194
7,61.596666,23.345277
7,61.59673,23.345313
7,61.606702,23.348866
7,61.606719,23.348872
7,61.606666,23.349166
7,61.47665,24.50513
7,60.559999,22.455833
7,60.451355,22.279125
7,60.452895,22.267029
7,61.49252,23.728256
7,62.036927,23.897666
7,60.371388,22.120555
7,60.371388,22.120555
7,60.438611,22.244444
7,61.533333,24.0
7,61.415833,24.181666
7,61.476622,24.505047
7,61.476622,24.505047
7,61.401228,24.622206
7,61.401228,24.622206
7,61.401228,24.622206
7,60.397183,22.15776
7,62.195833,23.008611
7,61.785675,23.062533
7,61.785675,23.062533
7,61.568027,21.485567
3,63.084774,27.529506
3,61.876856,29.915803
3,62.617659,29.562406
3,62.654239,29.589378
3,62.249222,25.733669
3,62.249252,25.733747
3,62.249194,25.733675
3,62.249186,25.733877
3,62.249183,25.733486
3,62.249183,25.733486
3,62.249183,25.733486
3,62.249183,25.733486
3,62.249183,25.733486
3,62.249238,25.73353
3,62.249238,25.73353
3,62.249238,25.73353
3,62.249244,25.733644
3,62.24928,25.733727
3,62.24928,25.733727
3,62.24928,25.733727
3,62.24928,25.733727
3,62.24928,25.733727
3,62.24928,25.733727
3,62.249194,25.733702
3,62.249194,25.733702
3,62.249194,25.733702
3,62.249194,25.733702
3,62.249194,25.733702
3,62.249172,25.733702
3,62.249172,25.733702
3,62.249172,25.733702
3,62.249172,25.733702
3,62.249172,25.733702
3,62.249197,25.733555
3,62.249183,25.733758
3,62.249183,25.733758
3,62.249183,25.733758
3,62.249183,25.733758
3,62.249183,25.733758
3,62.24923,25.733805
3,62.24923,25.733805
3,62.24923,25.733805
3,62.24923,25.733805
3,62.24923,25.733805
3,62.249147,25.733855
3,62.249147,25.733855
3,62.249147,25.733855
3,62.249147,25.733855
3,62.249147,25.733855
3,62.249147,25.733855
3,62.249238,25.733697
3,62.249247,25.733761
3,62.249247,25.733761
3,62.249247,25.733761
3,62.249247,25.733761
3,62.249247,25.733761
3,62.249247,25.733616
3,62.249247,25.733616
3,62.249291,25.733675
3,62.249236,25.733747
3,62.249236,25.733747
3,61.864681,28.890468
3,62.249236,25.733747
3,62.249236,25.733747
3,62.249236,25.733747
3,62.249236,25.733747
3,62.249236,25.733747
3,62.249177,25.733675
3,62.249177,25.733675
3,62.249177,25.733675
3,62.249177,25.733675
3,62.24903,25.733494
3,62.24903,25.733494
3,62.24903,25.733494
3,62.249055,25.733244
3,62.249055,25.733244
3,62.249063,25.733394
3,62.249063,25.733394
3,62.249077,25.733352
3,62.248975,25.733322
3,62.248975,25.733322
3,62.248975,25.733322
3,62.248975,25.733322
3,62.248975,25.733322
3,62.248975,25.733322
3,62.248819,25.733108
3,62.248944,25.733344
3,62.248944,25.733344
3,62.24898,25.733477
3,62.2488,25.733472
3,62.2488,25.733472
3,62.2488,25.733472
3,62.248888,25.733502
3,62.248888,25.733502
3,62.249002,25.733405
3,62.248961,25.733377
3,62.248911,25.733433
3,62.249069,25.733522
3,62.249069,25.733522
3,62.249216,25.734011
3,62.249216,25.734011
3,62.249261,25.733969
3,62.249155,25.733886
3,62.249155,25.733886
3,62.249155,25.733886
3,62.24913,25.734116
3,62.24913,25.734116
3,62.249219,25.733761
3,62.249227,25.733744
3,62.249261,25.733744
3,62.249208,25.733752
3,62.249208,25.733752
3,62.249208,25.733752
3,62.249208,25.733752
3,62.249222,25.733777
3,62.249222,25.733777
3,62.249222,25.733777
3,62.249222,25.733777
3,62.249308,25.733827
3,62.249308,25.733827
3,62.249308,25.733827
3,62.249308,25.733827
3,62.249308,25.733827
3,62.249155,25.733505
3,62.249155,25.733505
3,62.249155,25.733505
3,62.249197,25.733663
3,62.249197,25.733663
3,62.249197,25.733663
3,62.249197,25.733663
3,62.249213,25.733733
3,62.249261,25.733827
3,62.249261,25.733827
3,62.249261,25.733827
3,62.249261,25.733827
3,62.249252,25.733733
3,62.249252,25.733733
3,62.249244,25.733797
3,62.249244,25.733797
3,62.249244,25.733797
3,62.249277,25.733647
3,62.249297,25.733686
3,62.249297,25.733686
3,62.249297,25.733686
3,62.24918,25.733752
3,62.249086,25.73398
3,62.249086,25.73398
3,62.249086,25.73398
3,62.249086,25.73398
3,62.249244,25.73378
3,62.249227,25.73378
3,62.249227,25.73378
3,62.249227,25.73378
3,62.249227,25.73378
3,62.249227,25.73378
3,62.249163,25.733741
3,62.24925,25.733763
3,62.249261,25.733758
3,62.249172,25.733619
3,62.249083,25.733397
3,62.249047,25.733347
3,62.249147,25.733436
3,62.249147,25.733436
3,62.249147,25.733436
3,62.249152,25.73348
3,62.249069,25.733458
3,62.249069,25.733327
3,62.249069,25.733327
3,62.249066,25.733372
3,62.249066,25.733372
3,62.249072,25.73333
3,62.249027,25.733444
3,62.249027,25.733444
3,62.249027,25.733444
3,62.249027,25.733444
3,62.249047,25.733444
3,62.249047,25.733444
3,62.249041,25.733477
3,62.249041,25.733477
3,62.249141,25.733277
3,62.249055,25.733402
3,62.2493,25.733997
3,62.2493,25.733997
3,62.2493,25.733997
3,62.249105,25.734122
3,62.248958,25.734005
3,62.248958,25.734005
3,62.248866,25.734491
3,62.248819,25.73413
3,62.248877,25.734163
3,62.248947,25.734322
3,62.24893,25.734263
3,62.248922,25.734119
3,62.248922,25.734119
3,62.248922,25.734119
3,62.248922,25.734119
3,62.249227,25.733972
3,62.249269,25.73385
3,62.249269,25.73385
3,62.249247,25.73373
3,62.249247,25.73373
3,62.249247,25.73373
3,62.249247,25.73373
3,62.249247,25.73373
3,62.249247,25.73373
3,62.249455,25.73368
3,62.2493,25.733641
3,62.249194,25.733661
3,62.249194,25.733655
3,62.249186,25.733766
3,62.249186,25.733766
3,62.249186,25.733766
3,62.249186,25.733766
3,62.249186,25.733766
3,62.249186,25.733766
3,62.249186,25.733766
3,62.249191,25.733677
3,62.249191,25.733677
3,62.249191,25.733677
3,62.249175,25.733608
3,62.249175,25.733608
3,62.249127,25.733666
3,62.249127,25.733666
3,62.249127,25.733666
3,62.249138,25.733669
3,62.249138,25.733669
3,62.249094,25.733686
3,62.249202,25.733641
3,62.249013,25.733327
3,62.249013,25.733327
3,62.249013,25.733327
3,62.249013,25.733327
3,62.249013,25.733327
3,62.248938,25.733638
3,62.248913,25.733377
3,62.248913,25.733377
3,62.248911,25.733569
3,62.248966,25.733713
3,62.248969,25.733552
3,62.248969,25.733552
3,62.248969,25.733552
3,62.248969,25.733552
3,62.248969,25.733552
3,62.248969,25.733552
3,62.248969,25.733552
3,62.248969,25.733552
3,62.248969,25.733552
3,62.249061,25.733541
3,62.249061,25.733541
3,62.248811,25.733972
3,62.248886,25.73383
3,62.248886,25.73383
3,62.248886,25.73383
3,62.248886,25.73383
3,62.248886,25.73383
3,62.248886,25.73383
3,62.24903,25.733772
3,62.248886,25.7339
3,62.248727,25.734
3,62.248655,25.73408
3,62.248611,25.734061
3,62.248591,25.734325
3,62.248658,25.734441
3,62.248827,25.733802
3,62.248819,25.73388
3,62.248794,25.73388
3,62.248794,25.73388
3,62.248797,25.733894
3,62.248797,25.733894
3,62.248797,25.733894
3,62.248797,25.733894
3,62.248797,25.733894
3,62.248813,25.733608
3,62.248813,25.733608
3,62.248816,25.733922
3,62.248816,25.733922
3,62.248797,25.733844
3,62.24898,25.73355
3,62.24898,25.73355
3,62.24898,25.73355
3,62.24898,25.73355
3,62.249055,25.733511
3,62.249005,25.733486
3,62.249175,25.733561
3,62.249175,25.733561
3,62.249205,25.733786
3,62.249233,25.733822
3,62.249233,25.733822
3,62.249227,25.733802
3,62.249197,25.733763
3,62.249197,25.733763
3,62.249122,25.733944
3,62.249213,25.733688
3,62.249213,25.733688
3,62.249213,25.733688
3,62.249244,25.733655
3,62.249244,25.733655
3,62.249244,25.733655
3,62.249244,25.733655
3,62.249244,25.733655
3,62.249244,25.733872
3,62.249141,25.733663
3,62.249141,25.733663
3,62.244573,25.890569
3,61.068563,28.177657
3,62.905205,27.662786
3,62.905194,27.662569
3,61.878097,29.913797
3,62.906586,27.658613
3,62.24915,25.733594
3,62.24915,25.733594
3,62.249202,25.733641
3,62.249202,25.733641
3,62.249202,25.733641
3,62.249202,25.733641
3,62.249202,25.733641
3,62.248941,25.733469
3,62.248819,25.73388
3,62.249205,25.733786
3,62.249205,25.733786
3,62.249222,25.733822
3,62.249158,25.733755
3,62.249197,25.733763
3,62.249122,25.733944
3,62.249141,25.733663
3,62.906541,27.658408
3,61.058738,28.18703
3,61.058563,28.187225
3,61.051897,28.1279
3,61.052141,28.129147
3,61.051711,28.126922
3,61.051849,28.128344
3,61.054308,28.131466
3,61.426911,26.453688
3,62.236813,25.979286
3,61.954262,29.743337
3,62.654239,29.589378
3,62.652381,29.585669
3,62.254779,25.714788
3,62.895921,27.581777
3,62.896508,27.581605
3,61.565936,29.566869
3,61.565936,29.566869
3,61.051813,28.127569
3,61.052036,28.129402
3,61.051711,28.126922
3,61.052613,28.131091
3,61.0518,28.127488
3,61.051813,28.127669
3,61.054297,28.131477
3,61.055266,28.13318
3,61.05263,28.131025
3,61.0554,28.132752
3,61.055416,28.132677
3,61.055652,28.132294
3,61.054286,28.131469
3,61.058474,28.107447
3,61.067013,28.094294
3,61.058536,28.107391
3,63.043872,25.818386
3,61.554429,29.503204
3,62.000501,25.675392
3,61.044284,28.14517
3,62.131533,25.668097
3,62.131619,25.668288
3,62.131616,25.668288
3,62.131602,25.668302
3,62.131552,25.668133
3,62.131527,25.668005
3,62.13153,25.668002
3,62.131527,25.668008
3,62.131525,25.668005
3,62.13153,25.667997
3,62.131544,25.667986
3,62.131544,25.667986
3,62.131544,25.668011
3,62.131536,25.668002
3,62.131577,25.667958
3,62.131575,25.667961
3,62.131552,25.668016
3,62.131561,25.667958
3,62.131561,25.667958
3,62.131561,25.667961
3,62.131794,25.66973
3,62.13053,25.668275
3,62.130461,25.668219
3,62.11213,25.667688
3,62.112086,25.668144
3,62.254779,25.714788
3,62.131666,25.669358
3,62.131666,25.669358
3,62.131666,25.669358
3,62.131563,25.667963
3,62.131563,25.667963
3,62.131647,25.66813
3,62.131644,25.668155
3,62.131647,25.668141
3,62.131658,25.668158
3,62.131655,25.668147
3,62.131677,25.668225
3,62.131577,25.667922
3,62.131555,25.667966
3,62.131558,25.66795
3,62.131777,25.669341
3,62.131872,25.66905
3,62.130902,25.669025
3,62.130902,25.669025
3,62.130902,25.669025
3,62.130902,25.669025
3,62.130902,25.669025
3,62.130902,25.669025
3,62.13178,25.669447
3,62.131697,25.669555
3,62.131702,25.670058
3,62.131663,25.669597
3,62.130588,25.668997
3,62.130611,25.667886
3,62.130513,25.668455
3,62.132436,25.670013
3,62.131697,25.669255
3,62.131697,25.669255
3,62.099833,25.772547
3,62.09078,25.75858
3,62.090675,25.758747
3,62.09103,25.758463
3,62.131008,25.668875
3,62.131008,25.668875
3,62.131008,25.668875
3,62.131008,25.668875
3,62.131008,25.668875
3,62.131897,25.66925
3,62.131758,25.669261
3,62.131758,25.669261
3,62.131758,25.669261
3,62.131758,25.669261
3,62.108522,25.688522
3,62.10835,25.688691
3,62.1083,25.688752
3,62.108305,25.688536
3,62.10828,25.68873
3,62.108352,25.688633
3,62.108355,25.688605
3,62.108391,25.688586
3,62.108286,25.688494
3,62.107577,25.688719
3,62.107497,25.68865
3,62.107536,25.688688
3,62.112241,25.666783
3,62.112241,25.666783
3,62.112277,25.667244
3,62.112136,25.667669
3,62.131725,25.668997
3,62.131725,25.668997
3,62.13173,25.669069
3,62.131772,25.669002
3,62.131747,25.669227
3,62.131747,25.669227
3,62.130902,25.66903
3,62.130902,25.66903
3,62.130902,25.66903
3,62.131525,25.669255
3,62.13168,25.6693
3,62.131677,25.669358
3,62.131819,25.669155
3,62.131577,25.669127
3,62.131577,25.669127
3,62.131588,25.668966
3,62.131588,25.668966
3,62.131588,25.668966
3,62.131588,25.668966
3,62.131588,25.668966
3,62.131588,25.668966
3,62.131588,25.668966
3,62.131558,25.668997
3,62.131558,25.668997
3,62.131558,25.668997
3,62.131638,25.668944
3,62.131638,25.668944
3,62.131602,25.668772
3,62.131602,25.668772
3,62.131572,25.6689
3,62.131247,25.668633
3,62.131352,25.668438
3,62.131252,25.668341
3,62.131811,25.669136
3,62.131586,25.669125
3,62.131661,25.669291
3,62.131452,25.668991
3,62.131447,25.669022
3,62.131666,25.669358
3,62.131608,25.669183
3,62.131608,25.669183
3,62.131608,25.669183
3,62.131655,25.669305
3,62.131655,25.669305
3,62.131861,25.669244
3,62.131861,25.669244
3,62.13173,25.669358
3,62.131736,25.669413
3,62.13173,25.669361
3,62.131861,25.669233
3,62.13175,25.669369
3,62.131525,25.668855
3,62.131497,25.668694
3,62.131497,25.668694
3,62.131525,25.668855
3,62.131525,25.668855
3,62.131547,25.668911
3,62.131922,25.669086
3,62.13165,25.669308
3,62.131469,25.668972
3,62.131427,25.6691
3,62.13165,25.668958
3,62.13165,25.668958
3,62.131533,25.6688
3,62.131577,25.669038
3,62.131408,25.669275
3,62.131294,25.669525
3,62.131766,25.669363
3,62.13138,25.669472
3,62.131305,25.669402
3,62.131305,25.669402
3,62.131305,25.669402
3,62.131313,25.669327
3,62.131408,25.669275
3,62.131405,25.669333
3,62.131405,25.669333
3,62.131488,25.669036
3,62.131669,25.66928
3,62.131488,25.669036
3,62.131563,25.669
3,62.131563,25.669
3,62.131563,25.669
3,62.131747,25.66935
3,62.131863,25.669125
3,62.131869,25.669052
3,61.848523,29.970488
3,61.892712,29.825091
3,61.848462,29.970231
3,62.314975,28.388993
3,61.669091,27.935142
3,61.669091,27.935142
3,61.669091,27.935142
3,61.70313,28.558661
3,61.787722,28.369486
3,61.786627,28.346013
3,61.766833,28.235627
3,61.657563,28.252766
3,61.591744,28.112936
3,61.596294,28.09113
3,61.596294,28.09113
3,61.563652,27.994194
3,61.562836,27.989236
3,61.558591,27.969691
3,61.551491,27.962194
3,61.498061,27.907652
3,61.455755,27.638366
3,61.455755,27.638366
3,61.455991,27.632319
3,61.460377,27.576733
3,61.290141,26.844324
3,61.290213,26.844452
3,61.290158,26.844388
3,61.282397,26.828702
3,61.289991,26.844136
3,62.205561,25.997664
3,62.625125,31.252227
3,62.625077,31.251644
3,62.249588,28.720711
3,62.190619,29.905388
3,62.731266,31.174447
3,61.044284,28.14517
3,62.314975,28.388993
3,62.315394,28.388768
3,62.31479,28.388639
3,62.315005,28.389229
3,62.851483,28.408133
3,61.891984,29.825434
3,61.891984,29.825348
3,61.847267,29.974179
3,62.315129,28.38895
3,62.314626,28.388253
3,60.921941,28.05478
3,60.839422,28.110994
3,60.839052,28.111122
3,60.839016,28.110847
3,60.839197,28.111008
3,60.839122,28.111088
3,60.835275,28.279977
3,60.839072,28.300447
3,60.86453,28.299275
3,60.964752,28.533855
3,61.121894,28.79213
3,61.17053,28.772294
3,61.196927,28.778697
3,61.310219,28.857488
3,61.340897,28.851544
3,61.341541,28.852055
3,61.341633,28.851394
3,61.341444,28.851761
3,61.341427,28.851769
3,61.341327,28.851727
3,61.341419,28.851686
3,61.341386,28.852155
3,61.432455,28.758011
3,61.476308,28.789461
3,61.18498,26.839241
3,60.932725,28.454644
3,60.921991,28.054838
3,60.921997,28.054822
3,60.922191,28.055111
3,60.921922,28.054736
3,60.921908,28.05475
3,60.924291,28.036402
3,60.921988,28.054869
3,60.921988,28.054869
3,60.921958,28.054966
3,60.921936,28.054752
3,60.921936,28.054752
3,60.917255,28.003569
3,60.917291,28.003663
3,60.917249,28.003538
3,60.917222,28.00308
3,60.917258,28.003002
3,60.917222,28.00308
3,61.036944,28.133611
3,61.38428,25.977227
3,62.315035,28.388832
3,61.384061,25.977155
3,61.197548,28.580074
3,61.044284,28.14517
3,62.314995,28.389165
3,62.314995,28.389165
3,62.907279,27.721724
3,61.891964,29.830627
3,62.419194,25.977859
3,62.419194,25.977859
3,61.669091,27.935142
3,61.669091,27.935142
3,61.669091,27.935142
3,61.669091,27.935142
3,61.669091,27.935142
3,61.669091,27.935142
3,61.669091,27.935142
3,61.669091,27.935142
3,61.669091,27.935142
3,61.669091,27.935142
3,61.669091,27.935142
3,61.669091,27.935142
3,61.669091,27.935142
3,61.669091,27.935142
3,61.669091,27.935142
3,61.669091,27.935142
3,61.669091,27.935142
3,61.669091,27.935142
3,61.669091,27.935142
3,61.669091,27.935142
3,61.669091,27.935142
3,61.985712,26.644808
3,62.056388,26.14
3,62.205671,25.997536
3,62.90721,27.721316
3,62.312814,27.168985
3,61.956098,29.742414
3,61.848023,29.968214
3,62.078725,29.945983
3,62.423684,25.977516
3,62.90722,27.721703
3,62.797805,28.381275
3,62.602083,29.758647
3,62.860054,27.440339
3,63.340011,29.694061
3,61.057222,28.187222
3,61.057905,28.188691
3,61.062786,28.186436
3,61.067222,28.185277
3,61.067355,28.18533
3,61.067302,28.18535
3,61.064133,28.186388
3,61.063488,28.1862
3,61.068541,28.184538
3,61.057905,28.188691
3,61.062361,28.1844
3,61.059702,28.184563
3,61.062002,28.186991
3,61.066844,28.187436
3,61.067302,28.18535
3,61.06605,28.187088
3,61.059702,28.184563
3,61.063488,28.1862
3,61.057238,28.187236
3,61.06728,28.183936
3,62.924688,25.814308
3,61.059702,28.184563
3,61.061063,28.183888
3,61.063488,28.1862
3,61.06605,28.187088
3,61.06738,28.187602
3,61.063488,28.1862
3,61.066069,28.183372
3,61.067302,28.18535
3,61.058916,28.185291
3,61.065183,28.18675
3,61.057383,28.188513
3,61.059774,28.184638
3,61.067302,28.18535
3,61.067302,28.18535
3,61.067155,28.185494
3,61.057383,28.188513
3,61.06605,28.187088
3,61.067302,28.18535
3,61.069125,28.186805
3,61.067302,28.18535
3,61.058916,28.185291
3,61.063488,28.1862
3,61.066069,28.183372
3,61.069125,28.186805
3,61.057383,28.188513
3,61.06605,28.187088
3,61.063488,28.1862
3,61.057383,28.188513
3,61.06728,28.183936
3,61.06728,28.183936
3,61.065044,28.183686
3,61.066069,28.183372
3,61.058747,28.188961
3,61.063488,28.1862
3,61.069313,28.187577
3,61.068669,28.185169
3,61.061825,28.187052
3,61.067227,28.183816
3,61.059702,28.184563
3,61.067194,28.185391
3,61.067194,28.185391
3,61.065047,28.183533
3,61.064113,28.183847
3,61.066069,28.183372
3,61.067302,28.18535
3,61.057383,28.188513
3,61.058916,28.185291
3,61.063488,28.1862
3,61.06728,28.183936
3,61.065047,28.183533
3,61.058963,28.185477
3,61.069125,28.186805
3,61.065183,28.18675
3,61.065183,28.18675
3,61.061097,28.18753
3,61.06728,28.183936
3,61.067302,28.18535
3,61.063488,28.1862
3,61.068541,28.184538
3,61.06878,28.185752
3,61.066069,28.183372
3,61.06573,28.1834
3,61.068988,28.18253
3,61.057238,28.187236
3,61.055897,28.188247
3,61.067355,28.18533
3,61.066069,28.183372
3,61.059702,28.184563
3,61.059702,28.184563
3,61.068988,28.18253
3,61.069313,28.187577
3,61.068541,28.184538
3,61.069125,28.186805
3,61.068963,28.185022
3,61.06805,28.186819
3,61.057883,28.186105
3,61.063488,28.1862
3,61.069088,28.184488
3,61.069272,28.187625
3,61.06908,28.183533
3,61.064152,28.183647
3,61.066844,28.187436
3,61.067355,28.18533
3,61.067302,28.18535
3,61.061825,28.187052
3,61.06728,28.183936
3,61.069272,28.187625
3,61.069125,28.186805
3,61.057238,28.187236
3,61.061783,28.184394
3,61.064152,28.183647
3,61.069125,28.186805
3,61.067355,28.18533
3,61.06918,28.186405
3,61.066844,28.187436
3,61.068477,28.182827
3,61.064133,28.186388
3,61.069313,28.187577
3,61.064961,28.183605
3,61.06728,28.183936
3,61.068988,28.18253
3,61.061825,28.187052
3,61.069088,28.184488
3,61.057383,28.188513
3,61.067302,28.18535
3,61.057883,28.186105
3,61.057883,28.186105
3,61.058747,28.188961
3,61.068869,28.184536
3,61.069372,28.187644
3,61.068541,28.184538
3,61.068988,28.18253
3,61.065086,28.183677
3,61.06908,28.183533
3,61.068988,28.18253
3,61.065077,28.1837
3,61.067302,28.18535
3,61.06908,28.183533
3,61.056813,28.188694
3,61.068988,28.18253
3,61.068091,28.186713
3,61.069313,28.187577
3,61.056813,28.188694
3,61.06878,28.185752
3,61.067397,28.187583
3,61.067302,28.18535
3,61.067397,28.187583
3,61.068541,28.184538
3,61.066119,28.187141
3,61.069266,28.186694
3,61.058747,28.188961
3,61.068994,28.184688
3,61.06908,28.183533
3,61.067355,28.18533
3,61.056813,28.188694
3,61.068988,28.18253
3,61.064133,28.186388
3,61.068997,28.18453
3,61.066844,28.187436
3,61.061825,28.187052
3,61.061825,28.187052
3,61.068091,28.186713
3,61.058747,28.188961
3,61.06908,28.183533
3,61.057238,28.187236
5,64.819566,27.876047
5,65.501251,28.539036
5,65.501251,28.539036
5,65.131388,29.795833
5,65.443747,27.951493
5,65.779219,27.709488
5,65.501251,28.539036
5,64.608505,27.986313
5,65.500806,28.538156
5,65.590513,27.576011
5,65.590522,27.576619
5,65.589316,27.586541
5,65.597436,27.627016
5,65.588661,27.574486
5,65.588608,27.573366
5,65.586433,27.64025
5,64.602916,27.802738
5,64.602916,27.802738
5,64.490144,27.05825
5,64.461038,27.09403
5,65.37195,27.77848
5,64.730498,28.075883
5,65.153797,27.84605
2,66.542934,25.834693
2,66.504912,25.727491
2,66.504912,25.727491
2,66.504912,25.727491
2,66.544779,25.851087
2,66.544779,25.851087
2,66.544779,25.851087
2,66.504912,25.727491
2,66.504912,25.727491
2,66.504912,25.727491
2,66.504912,25.727491
2,66.504912,25.727491
2,66.504912,25.727491
2,66.504912,25.727491
2,66.771251,28.756606
2,66.415614,26.845436
2,66.415614,26.845436
2,66.415614,26.845436
2,66.415614,26.845436
2,66.415614,26.845436
2,66.415614,26.845436
2,66.415614,26.845436
2,66.415614,26.845436
2,66.415614,26.845436
2,66.456926,26.834449
2,66.456926,26.834449
2,66.356229,26.822293
2,66.638077,25.343697
2,66.638077,25.343697
2,66.542934,25.834693
2,66.161105,29.154391
2,66.160941,29.154044
2,66.268463,29.404641
2,66.260374,29.417297
2,66.260374,29.417297
2,66.260683,29.416836
2,66.260958,29.417572
2,66.261255,29.417788
2,66.166619,29.140297
2,66.166805,29.152099
2,66.164994,29.150347
2,66.164994,29.150347
2,66.161086,29.154608
